{
  "parameters": {
    "epochs": 10,
    "lr": 0.01,
    "acceleration": 4,
    "noise_level": 0.08
  },
  "metrics": {
    "naive": {
      "psnr_db": 21.28850812036129,
      "ssim": 0.6065807231869509
    },
    "classical_only": {
      "psnr_db": 7.3659212689558275,
      "ssim": 0.013412065823907585
    },
    "quantum_hybrid": {
      "psnr_db": 7.448205259976598,
      "ssim": 0.049101906752801204
    }
  },
  "training_curves": {
    "quantum_loss": [
      3.3715484142303467,
      2.2837889194488525,
      1.636953353881836,
      1.5522139072418213,
      1.3607367277145386,
      1.3657395839691162,
      1.1840429306030273,
      1.083076000213623,
      0.9621002674102783,
      0.876592755317688
    ],
    "classical_loss": [
      3.6607866287231445,
      2.9615354537963867,
      1.9759069681167603,
      1.57957124710083,
      1.3636431694030762,
      1.3538919687271118,
      1.2197349071502686,
      1.0931923389434814,
      0.9335106611251831,
      0.8073127269744873
    ]
  }
}